<application>
  <component name="FileTypeManager" version="18">
    <extensionMap>
      <mapping pattern="inputtestliten" type="AUTO_DETECTED" />
      <mapping pattern="inputtestfulla" type="AUTO_DETECTED" />
      <mapping pattern="inputtest" type="AUTO_DETECTED" />
      <mapping pattern="input" type="AUTO_DETECTED" />
      <removed_mapping ext="apk" approved="true" type="ARCHIVE" />
      <removed_mapping ext="psd" approved="true" type="Image" />
    </extensionMap>
  </component>
</application>