<application>
  <component name="FileTypeManager" version="18">
    <ignoreFiles list="*$py.class;*.pyc;*.pyo;*.rbc;*.yarb;*~;.DS_Store;.git;.hg;.svn;CVS;__pycache__;_svn;vssver.scc;vssver2.scc" />
    <extensionMap>
      <mapping pattern="testinput" type="AUTO_DETECTED" />
      <mapping pattern="inputtest" type="AUTO_DETECTED" />
      <mapping pattern="input" type="AUTO_DETECTED" />
      <mapping pattern="inputtestmini" type="AUTO_DETECTED" />
      <mapping pattern="testinputstor" type="AUTO_DETECTED" />
    </extensionMap>
  </component>
</application>